split,model,n_patients,multiclass_logloss,accuracy,balanced_accuracy,macro_f1,aggregation
test,Categorical EM-MMIL,12,1.0375949459024016,0.5833333333333334,0.4666666666666666,0.6068376068376069,mean_prob
test,Categorical MCEM-MMIL,12,1.0248748507456036,0.5833333333333334,0.4666666666666666,0.6068376068376069,mean_prob
test,Naive inherited-label classifier,12,0.914437207732005,0.6666666666666666,0.5333333333333333,0.7166666666666666,mean_prob
