split,model,n_patients,multiclass_logloss,accuracy,balanced_accuracy,macro_f1,aggregation
test,Categorical EM-MMIL,12,1.0602038284304454,0.5,0.39999999999999997,0.47619047619047616,q99_prob
test,Categorical MCEM-MMIL,12,1.060173279965005,0.5,0.39999999999999997,0.4791666666666667,q99_prob
test,Naive inherited-label classifier,12,0.9552804101456945,0.5,0.39999999999999997,0.47619047619047616,q90_prob
