split,model,n_patients,multiclass_logloss,accuracy,balanced_accuracy,macro_f1,aggregation
test,Categorical EM-MMIL,12,1.9355405553475329,0.6666666666666666,0.5333333333333333,0.7166666666666666,median_prob
test,Categorical MCEM-MMIL,12,0.9898154439087339,0.6666666666666666,0.5333333333333333,0.7166666666666666,mean_prob
test,Naive inherited-label classifier,12,0.7953914078941269,0.75,0.6,0.8181818181818181,median_prob
