split,model,n_patients,multiclass_logloss,accuracy,balanced_accuracy,macro_f1,aggregation
test,Categorical EM-MMIL,12,1.1916235263818284,0.5,0.39999999999999997,0.4791666666666667,q90_prob
test,Categorical MCEM-MMIL,12,1.2037593052002826,0.5,0.39999999999999997,0.47619047619047616,q90_prob
test,Naive inherited-label classifier,12,0.9561726411019077,0.5,0.39999999999999997,0.48214285714285715,q90_prob
