split,model,n_patients,multiclass_logloss,accuracy,balanced_accuracy,macro_f1,aggregation
test,Categorical EM-MMIL,12,0.9838802640998879,0.6666666666666666,0.5333333333333333,0.7321428571428571,mean_prob
test,Categorical MCEM-MMIL,12,0.9863239767568578,0.6666666666666666,0.5333333333333333,0.7179487179487178,mean_prob
test,Naive inherited-label classifier,12,0.8817564670845538,0.6666666666666666,0.5333333333333333,0.7179487179487178,median_prob
