split,model,n_patients,multiclass_logloss,accuracy,balanced_accuracy,macro_f1,aggregation
test,Categorical EM-MMIL,12,0.9525045444079533,0.4166666666666667,0.3333333333333333,0.5882352941176471,q90_prob
test,Categorical MCEM-MMIL,12,0.9550729552457731,0.4166666666666667,0.3333333333333333,0.5882352941176471,q90_prob
test,Naive inherited-label classifier,12,0.9541609796751288,0.5,0.39999999999999997,0.47619047619047616,q90_prob
