split,model,n_patients,multiclass_logloss,accuracy,balanced_accuracy,macro_f1,aggregation
test,Categorical EM-MMIL,12,1.0165389607534836,0.5,0.39999999999999997,0.4791666666666667,mean_prob
test,Categorical MCEM-MMIL,12,1.0158202967312415,0.5,0.39999999999999997,0.4791666666666667,mean_prob
test,Naive inherited-label classifier,12,0.9173858258281893,0.5833333333333334,0.4666666666666666,0.6190476190476191,mean_prob
