split,model,n_patients,multiclass_logloss,accuracy,balanced_accuracy,macro_f1,aggregation
test,Categorical EM-MMIL,12,1.1159281456748504,0.5833333333333334,0.4666666666666666,0.6068376068376069,q90_prob
test,Categorical MCEM-MMIL,12,1.1667969261561948,0.5833333333333334,0.4666666666666666,0.6068376068376069,q90_prob
test,Naive inherited-label classifier,12,0.9820222561274812,0.6666666666666666,0.5333333333333333,0.7166666666666666,q90_prob
