split,model,n_patients,multiclass_logloss,accuracy,balanced_accuracy,macro_f1,aggregation
test,Categorical EM-MMIL,12,0.9610296680119016,0.6666666666666666,0.5333333333333333,0.7166666666666666,mean_prob
test,Categorical MCEM-MMIL,12,0.9543220157934634,0.6666666666666666,0.5333333333333333,0.7166666666666666,mean_prob
test,Naive inherited-label classifier,12,0.7685587145184768,0.75,0.6,0.8181818181818181,median_prob
