split,model,n_patients,multiclass_logloss,accuracy,balanced_accuracy,macro_f1,aggregation
test,Categorical EM-MMIL,12,1.241205747499035,0.6666666666666666,0.5333333333333333,0.7166666666666666,median_prob
test,Categorical MCEM-MMIL,12,1.1315199585120206,0.6666666666666666,0.5333333333333333,0.7166666666666666,median_prob
test,Naive inherited-label classifier,12,0.7969655182942857,0.75,0.6,0.8181818181818181,median_prob
