split,model,n_patients,multiclass_logloss,accuracy,balanced_accuracy,macro_f1,aggregation
test,Categorical EM-MMIL,12,1.0664817312985446,0.5,0.39999999999999997,0.4791666666666667,q99_prob
test,Categorical MCEM-MMIL,12,1.0746949358857993,0.5,0.39999999999999997,0.4791666666666667,q99_prob
test,Naive inherited-label classifier,12,0.9650082472251706,0.6666666666666666,0.5333333333333333,0.7179487179487178,q90_prob
