split,model,n_patients,logloss_mean_prob,logloss_median_prob,logloss_q90_prob,logloss_q99_prob
test,Deterministic EM-MMIL,11,1.4283439789083354,3.2897377124783675,1.1526907080166873,0.3752001749653132
test,MCEM-MMIL,11,1.4214478033152242,3.2673852021150007,1.1462413821797706,0.3690766186196754
test,Naive inherited-label classifier,11,0.5430692617716741,0.5591882230159022,0.6378156770655802,0.8515330141856271
train,Deterministic EM-MMIL,33,1.1193912852399983,3.0192452925752225,0.7313062261086538,0.46395313632531415
train,MCEM-MMIL,33,1.1176984143171367,3.030404366239312,0.7308519450363875,0.46988352996173555
train,Naive inherited-label classifier,33,0.5455843194958537,0.5513009591373897,0.6327069130756411,0.8691991050655169
